{
    "新站-自购域名": {
        "email": "shixionge30@gmail.com",    
        "api_key": "d4f14a5405799bba39be6070744a20edc618c"
    },
    "自用（企业版）": {
        "email": "chenhaisheng008@gmail.com",    
        "api_key": "bc742b276e2509ccc9a4ca4310de7da0d3a0a"
    },
    "越南92": {
        "email": "shuiquan7@gmail.com",    
        "api_key": "30835b087c3ebdb2de8cd2dae3bf026336869"
    },
    "越南82": {
        "email": "shuisi922@gmail.com",    
        "api_key": "fa0e84f2f776b1a520c8079b89702f0d27002"
    },
    "越南66": {
        "email": "zdys365@gmail.com",    
        "api_key": "98cf2c62079b9085ea8b43adb7d2e3a22ee6a"
    },
    "越南168": {
        "email": "huanya53@gmail.com",    
        "api_key": "e6758109342f43b23f42538e8041acdf3527a"
    },
    "印尼55": {
        "email": "fengheng45@gmail.com",    
        "api_key": "85120fade18f49a5cb681a05780fad9bb80df"
    },
    "ar046马来MZ": {
        "email": "dingsheng296@gmail.com",    
        "api_key": "170afbfeb7db1817c49846baa37b19ca5964f"
    },
    "印度bigMumbai": {
        "email": "lingqisan394@gmail.com",    
        "api_key": "e7454bb1b12008bc62a331299b1b9891eb16b"
    },
    "91club": {
        "email": "csylc2021@gmail.com",    
        "api_key": "d04e694835337626143ca30bd2ff7f816a164"
    },
    "巴西POP888": {
        "email": "hyylc202188@gmail.com",    
        "api_key": "52cadc9be87111c21148d81fb8fc3cb2e868b"
    },
    "缅甸6": {
        "email": "jiuwu0614@gmail.com",    
        "api_key": "cf57d98cd59dc4d8ac0bb52e2113680419ca6"
    },
    "尼日利亚fb999": {
        "email": "sunquan1949@gmail.com",    
        "api_key": "13f040644d4d696340a15fb116fe0c5db3b3b"
    },
    "巴西Goobra": {
        "email": "hy88691@gmail.com",    
        "api_key": "f1184d39b7f02224e43182c1013be56c63302"
    },
    "印度82lottery": {
        "email": "ayue6818@gmail.com",    
        "api_key": "b9cb8c3bff37587201342d315dac3fd793279"
    },
    "越南FB333": {
        "email": "he899781@gmail.com",    
        "api_key": "c4d213deec025d59154703270d2314e9134d2"
    },
    "印度BDG/越南BDG": {
        "email": "xiaoqi918918@gmail.com",    
        "api_key": "d4ce866ff102cea86d1fce68c90ea2f7ffa94"
    },
    "印度DAMAN（企业版）": {
        "email": "DamanCasino@gmail.com",    
        "api_key": "992b2683c2f4e9fdc2a6a21c1dba93dac4931"
    },
    "印度DAMAN": {
        "email": "hongqivip@gmail.com",    
        "api_key": "db55bb9c75baa21477377ba061207a37d1ce6"
    },
    "马来9": {
        "email": "mlxysfvip@gmail.com",    
        "api_key": "32963d183a07ae4273817025768a98652984e"
    },
    "孟加拉BDT": {
        "email": "bdtcasino@gmail.com",    
        "api_key": "16b406e521ff06ded63e5504292e27caa2d25"
    },
    "印度Bountygame": {
        "email": "bountygamevip@gmail.com",    
        "api_key": "5b1db92f2d3b8eacadeaa2f7aafff57301c73"
    },
    "越南veso": {
        "email": "vnveso@gmail.com",    
        "api_key": "9b6c1ca8f2005a3fcfce8edbc7378cfc26283"
    },
    "巴基斯坦PakGames": {
        "email": "pakgamesvip@gmail.com",    
        "api_key": "f5b461df474d1481e820ac1c5031c2f6c80b3"
    },
    "印度Tiranga": {
        "email": "tirangagames@gmail.com",    
        "api_key": "460655279bb696d7c5d9aeda9b614d57a2878"
    },
    "印度Goa lottery": {
        "email": "goayindu888@gmail.com",    
        "api_key": "1898ffb96678365d97a31dfcb9f38df0dad4d"
    },
    "缅甸cklottery": {
        "email": "ckck666888ckck@gmail.com",    
        "api_key": "e65079b36f13b8475e67000d798da1fd89ec8"
    },
    "印度YJlottery": {
        "email": "gsd.d5878@gmail.com",    
        "api_key": "5b998d01667916998df7910abf2217b01532c"
    },
    "巴西poppg": {
	"email": "cesun1705@gmail.com",
	"api_key": "28b0bc80b2d469613da4dac18f3605ca6a7a0"
    }
}
